"person","category","order_year","order_quarter","total_orders","total_quantity","total_sales","total_profit","total_shipping_cost","avg_discount_pct","profit_margin_pct"
"Anna Andreadi","Technology",2014,4,215,950,121452.78,16630.29,12365.63,13.8,13.69
"Kelly Williams","Technology",2014,4,60,266,47949.70,13413.82,3170.25,14.4,27.97
"Deborah Brumfield","Technology",2014,4,80,327,49339.19,9373.21,5367.51,11.2,19.00
"Jack Lebron","Technology",2014,4,76,360,47634.39,8849.94,5478.83,5.4,18.58
"Shirley Daniels","Technology",2014,4,36,209,32443.35,8788.50,3501.71,2.1,27.09
"Anna Andreadi","Office Supplies",2014,4,460,2982,99616.91,8217.11,10798.88,13.5,8.25
"Nora Preis","Technology",2014,4,36,183,34918.27,6723.80,4195.79,5.2,19.26
"Matt Collister","Office Supplies",2014,4,117,738,23182.10,6234.83,3043.92,10.9,26.90
"Jack Lebron","Office Supplies",2014,4,188,1068,38377.76,5879.78,3802.78,6.5,15.32
"Alejandro Ballentine","Technology",2014,4,57,266,39218.15,5671.72,3704.07,20.5,14.46
"Nora Preis","Office Supplies",2014,4,86,561,25400.38,5584.98,2650.40,7.1,21.99
"Anthony Jacobs","Technology",2014,4,71,307,48025.81,5485.10,6028.81,17.2,11.42
"Kelly Williams","Office Supplies",2014,4,129,733,23331.92,5188.52,2588.48,14.6,22.24
"Chuck Magee","Office Supplies",2014,4,287,1793,51633.19,4702.30,5262.02,15.6,9.11
"Anthony Jacobs","Furniture",2014,4,73,341,51197.95,4360.07,4495.50,15.8,8.52
"Nora Preis","Furniture",2014,4,42,169,20229.80,4238.92,2419.46,6.5,20.95
"Larry Hughes","Technology",2014,4,83,203,29652.31,4018.48,3245.59,14.5,13.55
"Shirley Daniels","Furniture",2014,4,36,151,23910.52,3545.36,2333.77,7.7,14.83
"Anna Andreadi","Furniture",2014,4,184,789,84684.59,3342.73,9635.65,18.4,3.95
"Shirley Daniels","Office Supplies",2014,4,61,316,12126.37,3100.13,895.06,5.4,25.57
"Alejandro Ballentine","Office Supplies",2014,4,134,886,30475.54,2975.08,2979.36,29.3,9.76
"Matt Collister","Technology",2014,4,49,267,16083.99,2902.76,1660.53,13.1,18.05
"Chuck Magee","Furniture",2014,4,137,600,73973.00,2665.36,8701.44,17.4,3.60
"Giulietta Dortch","Technology",2014,4,33,149,17102.61,2568.27,2146.83,13.2,15.02
"Anthony Jacobs","Office Supplies",2014,4,141,760,28188.11,2227.79,2823.27,16.9,7.90
"Giulietta Dortch","Office Supplies",2014,4,67,497,10415.98,2048.16,1109.20,11.3,19.66
"Giulietta Dortch","Furniture",2014,4,37,189,17245.67,2000.33,1809.79,19.5,11.60
"Deborah Brumfield","Furniture",2014,4,64,147,17486.19,1753.29,1916.08,10.5,10.03
"Nicole Hansen","Technology",2014,4,5,22,5839.89,1597.17,718.04,0.0,27.35
"Deborah Brumfield","Office Supplies",2014,4,219,829,27502.28,1180.47,3336.31,17.4,4.29
"Larry Hughes","Office Supplies",2014,4,199,730,26353.64,1175.51,3127.18,21.1,4.46
"Jack Lebron","Furniture",2014,4,88,410,38047.29,1054.34,4193.42,25.4,2.77
"Kelly Williams","Furniture",2014,4,65,297,23442.67,1003.55,3074.86,13.3,4.28
"Nicole Hansen","Furniture",2014,4,5,16,3422.61,580.95,370.57,0.0,16.97
"Larry Hughes","Furniture",2014,4,57,158,20518.25,500.21,1724.72,17.3,2.44
"Nicole Hansen","Office Supplies",2014,4,16,47,1803.30,389.04,227.25,0.0,21.57
"Matt Collister","Furniture",2014,4,61,308,29856.57,171.59,3554.55,15.0,0.57
"Chuck Magee","Technology",2014,4,113,484,63832.45,-338.86,6306.72,18.0,-0.53
"Alejandro Ballentine","Furniture",2014,4,61,308,40480.09,-2141.11,5096.58,24.9,-5.29
"Anna Andreadi","Technology",2014,3,151,646,96718.44,13608.55,10600.84,11.2,14.07
"Anna Andreadi","Office Supplies",2014,3,386,2366,73806.11,10755.09,8236.33,13.3,14.57
"Jack Lebron","Technology",2014,3,74,339,48381.15,10065.69,5249.46,6.3,20.80
"Nora Preis","Furniture",2014,3,39,200,32837.92,7828.77,3374.25,4.6,23.84
"Chuck Magee","Technology",2014,3,103,485,59908.43,6706.96,6433.21,12.3,11.20
"Matt Collister","Office Supplies",2014,3,99,532,20574.76,6355.45,1994.28,9.5,30.89
"Chuck Magee","Office Supplies",2014,3,215,1240,43682.36,6153.73,3977.59,10.4,14.09
"Jack Lebron","Office Supplies",2014,3,156,964,33822.03,5769.01,3514.15,7.6,17.06
"Larry Hughes","Technology",2014,3,90,253,37012.08,5316.82,3777.34,16.7,14.37
"Matt Collister","Technology",2014,3,36,173,21164.79,4481.33,2904.66,10.9,21.17
"Deborah Brumfield","Furniture",2014,3,51,143,22655.17,4431.13,2075.14,10.0,19.56
"Deborah Brumfield","Technology",2014,3,62,191,30072.95,3624.76,3334.17,12.5,12.05
"Shirley Daniels","Office Supplies",2014,3,58,321,16247.48,3586.06,1511.71,7.0,22.07
"Chuck Magee","Furniture",2014,3,93,362,38445.74,3533.70,3986.51,16.9,9.19
"Anna Andreadi","Furniture",2014,3,144,637,76718.97,3337.11,8985.85,16.5,4.35
"Shirley Daniels","Technology",2014,3,29,131,23755.83,3267.18,2363.64,6.5,13.75
"Larry Hughes","Office Supplies",2014,3,233,833,32720.33,3256.06,3873.72,16.8,9.95
"Nora Preis","Technology",2014,3,31,147,17956.56,3220.26,1929.83,5.1,17.93
"Deborah Brumfield","Office Supplies",2014,3,161,503,20466.71,3075.74,1986.54,15.1,15.03
"Kelly Williams","Office Supplies",2014,3,94,568,22421.01,2757.40,2590.05,15.7,12.30
"Anthony Jacobs","Office Supplies",2014,3,101,582,21186.50,2720.35,2777.45,15.7,12.84
"Nora Preis","Office Supplies",2014,3,63,387,19773.98,2415.04,1895.21,10.1,12.21
"Shirley Daniels","Furniture",2014,3,23,101,17168.50,2169.76,2146.18,4.8,12.64
"Kelly Williams","Technology",2014,3,42,191,16981.56,1891.95,2319.67,15.2,11.14
"Giulietta Dortch","Furniture",2014,3,19,88,11286.34,1650.84,1106.66,17.5,14.63
"Alejandro Ballentine","Furniture",2014,3,51,258,40643.26,1489.80,4765.77,23.2,3.67
"Anthony Jacobs","Technology",2014,3,52,199,26941.36,1234.87,2802.69,16.9,4.58
"Giulietta Dortch","Technology",2014,3,25,100,8370.06,1222.52,1080.45,13.4,14.61
"Alejandro Ballentine","Technology",2014,3,44,193,24611.24,1202.21,2432.71,22.4,4.88
"Giulietta Dortch","Office Supplies",2014,3,59,299,7324.56,1034.70,915.03,13.3,14.13
"Jack Lebron","Furniture",2014,3,71,296,26581.79,995.45,3220.46,26.3,3.74
"Nicole Hansen","Office Supplies",2014,3,18,69,2821.53,753.45,283.25,0.0,26.70
"Matt Collister","Furniture",2014,3,51,198,16783.69,692.80,2017.66,13.0,4.13
"Nicole Hansen","Furniture",2014,3,3,6,899.46,209.61,55.04,0.0,23.30
"Nicole Hansen","Technology",2014,3,4,11,1344.42,149.22,82.89,0.0,11.10
"Alejandro Ballentine","Office Supplies",2014,3,98,579,13771.90,-24.01,1550.97,30.5,-0.17
"Kelly Williams","Furniture",2014,3,38,178,17726.04,-211.78,2171.88,15.0,-1.19
"Larry Hughes","Furniture",2014,3,80,210,25823.19,-226.02,2901.26,19.8,-0.88
"Anthony Jacobs","Furniture",2014,3,46,166,24155.90,-321.76,2625.08,22.4,-1.33
"Anna Andreadi","Office Supplies",2014,2,314,1871,74308.81,9351.40,7756.09,14.9,12.58
"Anna Andreadi","Technology",2014,2,121,473,56000.48,7223.13,5872.28,14.1,12.90
"Jack Lebron","Technology",2014,2,46,199,31892.18,6667.08,3010.48,4.5,20.91
"Anthony Jacobs","Technology",2014,2,60,259,39189.42,6223.67,4358.57,18.0,15.88
"Chuck Magee","Technology",2014,2,95,407,47381.45,5879.55,5031.77,11.6,12.41
"Deborah Brumfield","Office Supplies",2014,2,175,722,31353.79,5808.61,3722.24,11.0,18.53
"Chuck Magee","Office Supplies",2014,2,215,1177,33755.00,5782.75,3665.90,15.3,17.13
"Nora Preis","Technology",2014,2,33,146,22358.41,5091.65,2728.40,10.5,22.77
"Jack Lebron","Office Supplies",2014,2,119,745,27917.76,4509.70,3098.80,8.4,16.15
"Deborah Brumfield","Technology",2014,2,57,121,22005.85,4337.80,2347.19,12.3,19.71
"Shirley Daniels","Technology",2014,2,29,135,14222.71,3496.52,1693.27,9.1,24.58
"Anthony Jacobs","Furniture",2014,2,53,247,35462.05,3158.30,3012.73,16.4,8.91
"Matt Collister","Office Supplies",2014,2,70,434,10862.27,2668.71,1413.99,8.6,24.57
"Nora Preis","Office Supplies",2014,2,56,316,11282.89,2626.19,1318.57,6.4,23.28
"Shirley Daniels","Office Supplies",2014,2,67,372,12836.45,2617.87,1476.56,5.1,20.39
"Kelly Williams","Technology",2014,2,25,120,9414.29,2592.95,1028.73,11.0,27.54
"Larry Hughes","Furniture",2014,2,65,177,21176.32,2545.03,2489.08,20.5,12.02
"Jack Lebron","Furniture",2014,2,47,216,29139.64,2487.79,3136.62,22.5,8.54
"Anthony Jacobs","Office Supplies",2014,2,128,654,23942.81,2431.44,2748.52,15.6,10.16
"Kelly Williams","Office Supplies",2014,2,75,387,11567.58,2273.00,1311.55,17.1,19.65
"Anna Andreadi","Furniture",2014,2,124,539,66465.36,2024.20,7111.19,17.0,3.05
"Nora Preis","Furniture",2014,2,32,120,22014.31,1863.19,2603.54,6.3,8.46
"Deborah Brumfield","Furniture",2014,2,60,147,19989.93,1548.03,1699.21,18.0,7.74
"Giulietta Dortch","Office Supplies",2014,2,52,263,6461.77,1189.45,704.97,8.8,18.41
"Giulietta Dortch","Technology",2014,2,22,104,7655.36,958.78,589.54,15.7,12.52
"Shirley Daniels","Furniture",2014,2,23,115,17214.06,942.48,1857.66,6.8,5.48
"Alejandro Ballentine","Technology",2014,2,40,175,17111.35,888.20,1701.06,24.1,5.19
"Chuck Magee","Furniture",2014,2,74,357,32718.55,649.30,3374.91,17.7,1.98
"Kelly Williams","Furniture",2014,2,31,133,8960.07,459.38,873.62,15.0,5.13
"Larry Hughes","Technology",2014,2,60,185,25193.98,363.37,2759.44,24.9,1.44
"Matt Collister","Furniture",2014,2,31,126,9389.62,358.72,1288.47,12.4,3.82
"Nicole Hansen","Office Supplies",2014,2,10,30,1032.21,351.00,136.30,0.0,34.00
"Matt Collister","Technology",2014,2,34,151,20733.51,113.84,1687.25,14.2,0.55
"Nicole Hansen","Furniture",2014,2,3,6,374.73,45.51,37.72,0.0,12.14
"Larry Hughes","Office Supplies",2014,2,169,660,21165.33,-118.59,2271.84,21.1,-0.56
"Alejandro Ballentine","Office Supplies",2014,2,87,549,21884.92,-752.32,2373.97,29.2,-3.44
"Giulietta Dortch","Furniture",2014,2,18,96,5388.76,-756.00,553.27,23.0,-14.03
"Alejandro Ballentine","Furniture",2014,2,44,189,20377.03,-1806.99,2141.99,26.0,-8.87
"Anna Andreadi","Technology",2014,1,89,370,51248.27,7072.69,5266.51,13.3,13.80
"Anna Andreadi","Office Supplies",2014,1,213,1187,50399.21,6286.75,5073.89,12.4,12.47
"Anna Andreadi","Furniture",2014,1,81,340,41623.15,5358.98,3905.84,17.0,12.87
"Nora Preis","Furniture",2014,1,19,87,21059.16,4493.28,1607.15,3.1,21.34
"Jack Lebron","Technology",2014,1,40,185,20484.32,4193.92,2409.85,4.6,20.47
"Chuck Magee","Office Supplies",2014,1,90,547,18571.57,3548.39,2050.83,11.9,19.11
"Chuck Magee","Technology",2014,1,41,161,24932.29,3453.84,2879.22,11.7,13.85
"Larry Hughes","Office Supplies",2014,1,120,487,20732.79,3263.24,2303.28,19.0,15.74
"Shirley Daniels","Furniture",2014,1,21,133,21823.15,3261.73,2412.42,4.2,14.95
"Larry Hughes","Technology",2014,1,51,163,23972.13,3098.22,2526.17,14.0,12.92
"Matt Collister","Office Supplies",2014,1,58,392,13806.70,3044.05,1247.55,7.1,22.05
"Deborah Brumfield","Office Supplies",2014,1,114,422,16300.34,2914.87,1758.55,12.7,17.88
"Matt Collister","Technology",2014,1,28,122,11931.94,2754.99,1082.61,13.7,23.09
"Shirley Daniels","Office Supplies",2014,1,45,273,8048.59,2240.03,764.89,5.0,27.83
"Jack Lebron","Office Supplies",2014,1,91,569,20354.24,2198.50,2607.44,8.9,10.80
"Shirley Daniels","Technology",2014,1,19,84,12928.91,1753.72,1387.25,4.3,13.56
"Deborah Brumfield","Technology",2014,1,45,91,15156.66,1719.06,1472.67,16.8,11.34
"Chuck Magee","Furniture",2014,1,29,138,11792.88,1579.09,1152.72,12.4,13.39
"Nora Preis","Technology",2014,1,22,94,10546.69,1528.70,1004.61,7.4,14.49
"Anthony Jacobs","Furniture",2014,1,38,147,14755.58,1372.10,1678.08,15.8,9.30
"Kelly Williams","Office Supplies",2014,1,44,224,6792.98,1227.28,790.86,12.8,18.07
"Alejandro Ballentine","Technology",2014,1,32,185,25684.42,1157.73,2294.54,27.7,4.51
"Nicole Hansen","Technology",2014,1,4,16,2812.08,1054.44,217.66,0.0,37.50
"Giulietta Dortch","Furniture",2014,1,13,49,6358.19,1050.67,792.73,15.0,16.52
"Anthony Jacobs","Office Supplies",2014,1,78,395,18959.72,974.03,1639.76,17.4,5.14
"Anthony Jacobs","Technology",2014,1,32,145,20351.18,861.89,2815.13,19.1,4.24
"Kelly Williams","Technology",2014,1,22,102,5921.27,514.15,589.98,14.6,8.68
"Nicole Hansen","Office Supplies",2014,1,11,45,1759.80,480.72,224.74,0.0,27.32
"Giulietta Dortch","Office Supplies",2014,1,26,129,2829.75,444.51,229.70,8.6,15.71
"Nicole Hansen","Furniture",2014,1,3,8,1051.08,381.90,144.94,0.0,36.33
"Matt Collister","Furniture",2014,1,16,73,4088.23,371.89,423.10,6.6,9.10
"Giulietta Dortch","Technology",2014,1,10,39,2659.68,298.10,217.30,11.8,11.21
"Kelly Williams","Furniture",2014,1,15,41,3079.48,118.03,327.39,16.5,3.83
"Alejandro Ballentine","Office Supplies",2014,1,59,325,7681.01,-44.18,1017.57,31.9,-0.58
"Alejandro Ballentine","Furniture",2014,1,36,222,24830.21,-171.58,2578.76,26.3,-0.69
"Deborah Brumfield","Furniture",2014,1,40,98,10707.40,-435.63,1067.32,20.0,-4.07
"Jack Lebron","Furniture",2014,1,40,187,21388.64,-538.90,2055.33,23.2,-2.52
"Larry Hughes","Furniture",2014,1,37,96,17365.64,-592.00,2366.42,16.3,-3.41
"Nora Preis","Office Supplies",2014,1,31,221,6667.58,-1275.53,725.76,12.3,-19.13
"Anna Andreadi","Technology",2013,4,161,779,96675.38,18620.78,9056.20,12.9,19.26
"Anna Andreadi","Office Supplies",2013,4,358,2191,84206.52,18338.19,8398.92,13.4,21.78
"Anna Andreadi","Furniture",2013,4,162,720,75790.50,10716.68,7232.16,17.5,14.14
"Anthony Jacobs","Technology",2013,4,56,295,48224.09,7621.61,5841.54,16.8,15.80
"Jack Lebron","Technology",2013,4,51,207,32224.04,7393.18,3104.81,1.0,22.94
"Matt Collister","Office Supplies",2013,4,86,587,21348.28,6547.83,2582.95,9.7,30.67
"Chuck Magee","Technology",2013,4,87,394,43111.70,5966.60,5654.53,16.4,13.84
"Shirley Daniels","Technology",2013,4,26,121,20781.54,5309.79,2999.68,0.0,25.55
"Kelly Williams","Office Supplies",2013,4,93,587,18945.19,4746.29,1844.51,12.3,25.05
"Shirley Daniels","Furniture",2013,4,30,127,26382.91,4388.20,2284.24,1.4,16.63
"Chuck Magee","Office Supplies",2013,4,186,1065,31671.21,4255.90,4019.92,17.6,13.44
"Nora Preis","Furniture",2013,4,39,167,24663.74,3902.50,2805.46,6.0,15.82
"Larry Hughes","Technology",2013,4,68,185,28085.26,3231.52,2611.65,15.7,11.51
"Nora Preis","Technology",2013,4,31,109,15557.18,3187.45,2068.23,10.0,20.49
"Jack Lebron","Office Supplies",2013,4,117,713,22940.72,3015.96,2598.39,5.4,13.15
"Deborah Brumfield","Furniture",2013,4,52,106,14100.46,2479.21,1406.87,6.3,17.58
"Shirley Daniels","Office Supplies",2013,4,62,369,9804.75,2363.94,1247.97,1.9,24.11
"Matt Collister","Technology",2013,4,34,142,15062.39,2293.61,1571.42,11.9,15.23
"Deborah Brumfield","Office Supplies",2013,4,137,550,21514.68,2110.45,2485.31,13.5,9.81
"Giulietta Dortch","Office Supplies",2013,4,58,365,9828.57,2060.35,1132.82,9.9,20.96
"Anthony Jacobs","Office Supplies",2013,4,99,599,28672.94,1966.34,2883.19,16.9,6.86
"Nora Preis","Office Supplies",2013,4,52,247,7994.10,1917.51,777.92,8.7,23.99
"Alejandro Ballentine","Furniture",2013,4,38,164,17919.99,1786.79,1911.95,23.7,9.97
"Larry Hughes","Office Supplies",2013,4,155,580,21835.18,1753.06,2222.27,15.6,8.03
"Deborah Brumfield","Technology",2013,4,60,187,28989.13,1378.27,4288.20,19.9,4.75
"Giulietta Dortch","Technology",2013,4,29,100,11247.47,1280.87,1077.12,13.8,11.39
"Giulietta Dortch","Furniture",2013,4,39,191,15328.47,1216.53,1385.98,17.3,7.94
"Kelly Williams","Furniture",2013,4,49,227,21605.87,889.90,2308.90,16.2,4.12
"Chuck Magee","Furniture",2013,4,96,439,42119.97,845.83,4790.26,18.9,2.01
"Anthony Jacobs","Furniture",2013,4,50,221,32772.23,829.37,3887.00,21.5,2.53
"Nicole Hansen","Office Supplies",2013,4,13,56,4070.46,826.56,461.47,0.0,20.31
"Jack Lebron","Furniture",2013,4,57,244,24518.61,824.37,2274.62,22.8,3.36
"Nicole Hansen","Furniture",2013,4,3,8,1221.96,416.79,122.38,0.0,34.11
"Nicole Hansen","Technology",2013,4,4,7,1224.15,241.92,78.81,0.0,19.76
"Alejandro Ballentine","Technology",2013,4,31,127,15550.24,227.10,1634.43,24.3,1.46
"Alejandro Ballentine","Office Supplies",2013,4,62,407,14573.14,191.22,1615.81,30.0,1.31
"Matt Collister","Furniture",2013,4,53,227,25453.26,26.06,2185.38,14.3,0.10
"Larry Hughes","Furniture",2013,4,44,119,12929.73,-958.95,1255.42,24.5,-7.42
"Kelly Williams","Technology",2013,4,38,171,25509.17,-1259.92,2008.88,15.6,-4.94
"Anna Andreadi","Office Supplies",2013,3,321,2001,61341.07,7470.26,6349.46,12.4,12.18
"Jack Lebron","Technology",2013,3,54,243,28928.21,6145.13,3024.91,7.8,21.24
"Shirley Daniels","Furniture",2013,3,37,169,28471.23,5993.94,2783.71,3.6,21.05
"Anna Andreadi","Technology",2013,3,122,500,56948.19,5767.90,5994.88,12.7,10.13
"Chuck Magee","Office Supplies",2013,3,175,1129,36042.39,5360.69,3863.34,13.2,14.87
"Deborah Brumfield","Technology",2013,3,63,174,30355.09,5339.19,3167.59,13.8,17.59
"Anna Andreadi","Furniture",2013,3,118,539,60273.18,5317.17,6472.53,17.4,8.82
"Matt Collister","Technology",2013,3,33,140,20147.18,4672.19,1420.00,14.9,23.19
"Nora Preis","Furniture",2013,3,30,183,23517.13,4082.01,1768.05,2.3,17.36
"Deborah Brumfield","Office Supplies",2013,3,158,645,24189.30,4025.14,2836.89,13.1,16.64
"Shirley Daniels","Technology",2013,3,30,117,21234.59,3804.13,2649.45,3.1,17.91
"Anthony Jacobs","Furniture",2013,3,37,217,31435.85,3525.45,3864.51,10.4,11.21
"Anthony Jacobs","Technology",2013,3,42,178,21425.72,3390.82,1885.01,10.8,15.83
"Jack Lebron","Office Supplies",2013,3,133,776,22668.92,3360.40,2467.12,9.7,14.82
"Anthony Jacobs","Office Supplies",2013,3,84,580,19643.90,2882.17,2317.37,13.4,14.67
"Nora Preis","Technology",2013,3,32,194,37301.49,2664.72,3414.42,7.3,7.14
"Kelly Williams","Office Supplies",2013,3,72,441,19406.52,2658.42,2148.21,20.2,13.70
"Matt Collister","Office Supplies",2013,3,83,471,7898.44,2240.68,793.96,9.6,28.37
"Nora Preis","Office Supplies",2013,3,54,255,10568.23,2143.19,1173.39,2.8,20.28
"Chuck Magee","Technology",2013,3,69,293,34223.37,2137.12,3793.33,13.4,6.24
"Shirley Daniels","Office Supplies",2013,3,57,318,11479.11,2083.95,1467.16,7.0,18.15
"Nicole Hansen","Technology",2013,3,6,28,5462.88,1919.07,612.20,0.0,35.13
"Larry Hughes","Office Supplies",2013,3,159,615,18833.58,1884.09,2044.71,18.2,10.00
"Jack Lebron","Furniture",2013,3,56,227,22508.91,1677.60,2843.62,23.4,7.45
"Chuck Magee","Furniture",2013,3,85,383,47086.47,1668.25,5521.05,15.7,3.54
"Matt Collister","Furniture",2013,3,40,175,17767.35,1250.51,2130.57,13.8,7.04
"Giulietta Dortch","Technology",2013,3,24,69,8560.15,1142.89,487.41,11.2,13.35
"Alejandro Ballentine","Office Supplies",2013,3,73,449,17637.55,761.49,1775.87,30.0,4.32
"Giulietta Dortch","Office Supplies",2013,3,46,321,5018.12,526.22,632.35,14.3,10.49
"Nicole Hansen","Office Supplies",2013,3,11,46,1326.06,310.17,156.04,0.0,23.39
"Kelly Williams","Technology",2013,3,21,80,6919.08,266.87,940.66,20.4,3.86
"Alejandro Ballentine","Technology",2013,3,38,182,23733.30,247.38,2726.98,24.8,1.04
"Nicole Hansen","Furniture",2013,3,2,3,702.57,179.13,140.12,0.0,25.50
"Kelly Williams","Furniture",2013,3,31,127,10054.90,-11.81,1083.89,16.7,-0.12
"Giulietta Dortch","Furniture",2013,3,31,122,7956.56,-19.18,806.03,18.6,-0.24
"Deborah Brumfield","Furniture",2013,3,46,131,18905.32,-579.10,1986.68,23.3,-3.06
"Alejandro Ballentine","Furniture",2013,3,34,146,14186.73,-623.53,1569.86,24.5,-4.40
"Larry Hughes","Furniture",2013,3,47,159,12374.80,-1719.26,1299.96,26.6,-13.89
"Larry Hughes","Technology",2013,3,68,203,27683.25,-3513.87,2794.40,24.0,-12.69
"Anna Andreadi","Technology",2013,2,128,556,75710.11,9454.81,8155.13,12.5,12.49
"Nora Preis","Technology",2013,2,26,117,29999.20,6841.19,2273.02,10.9,22.80
"Kelly Williams","Technology",2013,2,22,110,29863.42,5948.91,2484.22,12.3,19.92
"Jack Lebron","Technology",2013,2,42,179,24600.75,5165.52,2433.22,6.8,21.00
"Shirley Daniels","Technology",2013,2,25,93,17956.52,5134.39,2516.88,6.0,28.59
"Anna Andreadi","Office Supplies",2013,2,241,1535,52427.77,4705.89,5095.87,12.5,8.98
"Chuck Magee","Technology",2013,2,74,317,39951.43,4203.03,3623.58,15.2,10.52
"Larry Hughes","Office Supplies",2013,2,129,533,27672.40,3973.96,2538.30,20.6,14.36
"Alejandro Ballentine","Technology",2013,2,34,156,27846.42,3826.29,2794.60,22.4,13.74
"Anthony Jacobs","Furniture",2013,2,35,181,25835.23,3549.32,2731.42,12.8,13.74
"Shirley Daniels","Office Supplies",2013,2,44,284,15008.46,3118.98,2487.32,3.7,20.78
"Jack Lebron","Office Supplies",2013,2,113,596,16768.48,2903.34,1947.99,5.4,17.31
"Deborah Brumfield","Technology",2013,2,48,123,16433.03,2856.79,1525.23,8.1,17.38
"Anthony Jacobs","Technology",2013,2,44,194,27504.36,2842.07,3846.10,16.2,10.33
"Anna Andreadi","Furniture",2013,2,112,526,47907.56,2463.82,4918.21,18.9,5.14
"Anthony Jacobs","Office Supplies",2013,2,83,579,16997.74,2428.24,1582.00,16.8,14.29
"Larry Hughes","Furniture",2013,2,33,71,11145.29,2292.53,946.52,15.0,20.57
"Deborah Brumfield","Office Supplies",2013,2,110,337,13467.57,2239.98,1641.86,12.0,16.63
"Chuck Magee","Office Supplies",2013,2,166,1130,36210.38,2216.67,3921.18,15.2,6.12
"Kelly Williams","Office Supplies",2013,2,71,468,14208.76,2212.35,1743.58,11.8,15.57
"Matt Collister","Technology",2013,2,17,84,14874.94,2042.14,1645.76,14.3,13.73
"Shirley Daniels","Furniture",2013,2,28,122,21555.67,2008.29,2982.61,8.0,9.32
"Nora Preis","Office Supplies",2013,2,53,295,8920.72,1837.82,925.48,6.3,20.60
"Giulietta Dortch","Office Supplies",2013,2,40,235,7809.17,1308.67,989.92,10.2,16.76
"Matt Collister","Office Supplies",2013,2,49,296,4051.29,1191.27,518.81,7.2,29.40
"Giulietta Dortch","Technology",2013,2,24,108,9993.37,1161.21,1016.97,11.0,11.62
"Jack Lebron","Furniture",2013,2,39,170,16162.84,1025.33,1814.76,26.3,6.34
"Matt Collister","Furniture",2013,2,29,120,14007.31,914.65,1890.83,13.3,6.53
"Nora Preis","Furniture",2013,2,21,83,9678.31,634.78,1054.72,6.8,6.56
"Kelly Williams","Furniture",2013,2,27,110,7052.91,556.98,549.01,11.3,7.90
"Nicole Hansen","Office Supplies",2013,2,11,49,1435.32,352.20,168.11,0.0,24.54
"Larry Hughes","Technology",2013,2,55,141,15300.93,316.34,1638.15,23.5,2.07
"Nicole Hansen","Technology",2013,2,3,4,684.30,114.99,133.04,0.0,16.80
"Nicole Hansen","Furniture",2013,2,3,3,191.94,69.03,16.17,0.0,35.96
"Chuck Magee","Furniture",2013,2,57,285,25828.84,45.31,2853.17,21.5,0.18
"Giulietta Dortch","Furniture",2013,2,22,132,8385.99,-126.35,1041.55,16.2,-1.51
"Alejandro Ballentine","Office Supplies",2013,2,75,474,14379.57,-264.87,1407.09,28.7,-1.84
"Deborah Brumfield","Furniture",2013,2,28,85,9391.62,-792.84,1201.57,12.0,-8.44
"Alejandro Ballentine","Furniture",2013,2,59,217,31606.09,-1282.15,3428.59,24.1,-4.06
"Chuck Magee","Office Supplies",2013,1,102,614,27584.76,6066.01,3098.62,12.8,21.99
"Jack Lebron","Office Supplies",2013,1,67,367,22723.14,5854.30,2853.44,8.9,25.76
"Chuck Magee","Technology",2013,1,43,195,31349.85,5254.62,2091.37,13.4,16.76
"Deborah Brumfield","Furniture",2013,1,28,81,19575.70,4442.23,2053.82,8.5,22.69
"Anna Andreadi","Office Supplies",2013,1,173,1012,36159.38,4188.26,3611.99,10.0,11.58
"Nora Preis","Furniture",2013,1,16,71,15000.10,3976.18,1082.43,3.9,26.51
"Jack Lebron","Furniture",2013,1,25,141,21776.66,3876.05,2270.16,23.1,17.80
"Jack Lebron","Technology",2013,1,26,109,15293.24,3778.83,1653.09,3.3,24.71
"Anthony Jacobs","Technology",2013,1,30,157,20383.03,3364.68,2569.57,8.2,16.51
"Anthony Jacobs","Office Supplies",2013,1,43,259,13285.11,3134.51,1037.58,8.6,23.59
"Shirley Daniels","Furniture",2013,1,16,94,15321.58,3046.42,1150.70,1.6,19.88
"Anna Andreadi","Technology",2013,1,55,240,30043.01,2933.49,4252.55,11.5,9.76
"Deborah Brumfield","Technology",2013,1,40,96,15519.84,2621.74,1888.02,15.4,16.89
"Shirley Daniels","Technology",2013,1,11,42,9275.04,2367.12,734.11,0.0,25.52
"Anna Andreadi","Furniture",2013,1,70,316,41574.58,2226.17,3990.46,17.0,5.35
"Kelly Williams","Technology",2013,1,16,63,8532.16,1981.98,913.50,19.5,23.23
"Nora Preis","Technology",2013,1,8,37,7119.51,1558.20,688.26,5.0,21.89
"Anthony Jacobs","Furniture",2013,1,26,108,20040.16,1540.32,2461.77,12.8,7.69
"Larry Hughes","Furniture",2013,1,26,72,9362.97,1416.63,1147.46,25.2,15.13
"Kelly Williams","Office Supplies",2013,1,37,207,7260.71,1332.38,926.90,10.7,18.35
"Larry Hughes","Office Supplies",2013,1,88,320,12360.00,1312.44,1195.69,19.4,10.62
"Matt Collister","Technology",2013,1,15,65,10782.04,1210.55,1176.78,11.6,11.23
"Shirley Daniels","Office Supplies",2013,1,22,146,5036.97,1138.80,496.43,1.2,22.61
"Nora Preis","Office Supplies",2013,1,24,133,4542.07,927.59,561.45,7.9,20.42
"Matt Collister","Office Supplies",2013,1,29,137,8169.90,822.24,385.56,6.9,10.06
"Larry Hughes","Technology",2013,1,25,65,7057.33,609.58,1029.66,19.0,8.64
"Deborah Brumfield","Office Supplies",2013,1,100,415,16627.13,565.89,2077.85,16.3,3.40
"Giulietta Dortch","Technology",2013,1,11,40,2840.09,519.75,306.26,19.2,18.30
"Giulietta Dortch","Office Supplies",2013,1,25,114,2548.19,406.83,279.98,13.7,15.97
"Nicole Hansen","Office Supplies",2013,1,13,46,1313.40,315.60,169.07,0.0,24.03
"Nicole Hansen","Furniture",2013,1,2,4,648.12,238.02,71.10,0.0,36.72
"Matt Collister","Furniture",2013,1,13,52,4872.66,155.72,536.41,15.3,3.20
"Nicole Hansen","Technology",2013,1,2,3,879.99,145.98,124.41,0.0,16.59
"Alejandro Ballentine","Office Supplies",2013,1,43,295,12630.02,-24.36,1321.35,28.7,-0.19
"Kelly Williams","Furniture",2013,1,24,113,6337.44,-105.77,701.10,15.2,-1.67
"Alejandro Ballentine","Furniture",2013,1,22,103,15292.45,-277.59,1748.75,27.2,-1.82
"Chuck Magee","Furniture",2013,1,52,260,23482.91,-334.99,2166.78,19.5,-1.43
"Giulietta Dortch","Furniture",2013,1,14,67,4205.27,-442.59,658.64,25.0,-10.52
"Alejandro Ballentine","Technology",2013,1,19,109,12456.81,-747.06,1333.73,22.1,-6.00
"Anna Andreadi","Office Supplies",2012,4,277,1688,55899.10,8625.07,5557.20,13.4,15.43
"Anna Andreadi","Technology",2012,4,126,522,65120.13,8005.24,7160.82,15.4,12.29
"Nora Preis","Technology",2012,4,34,164,27945.73,6114.41,2633.87,5.4,21.88
"Jack Lebron","Technology",2012,4,46,215,32028.99,5497.07,3727.28,2.4,17.16
"Jack Lebron","Office Supplies",2012,4,125,791,25291.07,5293.74,2320.42,3.8,20.93
"Kelly Williams","Technology",2012,4,41,160,29658.82,5273.03,3423.91,11.6,17.78
"Nora Preis","Furniture",2012,4,26,111,23219.92,4579.36,1972.86,2.9,19.72
"Jack Lebron","Furniture",2012,4,58,261,26315.42,4108.86,2483.01,22.1,15.61
"Chuck Magee","Furniture",2012,4,105,462,45054.62,3678.01,4978.54,16.5,8.16
"Anthony Jacobs","Technology",2012,4,51,253,33360.07,3378.08,3504.92,13.7,10.13
"Anthony Jacobs","Furniture",2012,4,43,178,32731.67,3150.24,3804.76,12.4,9.62
"Matt Collister","Office Supplies",2012,4,89,545,13583.15,3087.55,1278.36,9.6,22.73
"Shirley Daniels","Furniture",2012,4,26,102,18017.75,2852.42,1915.44,4.8,15.83
"Chuck Magee","Technology",2012,4,69,302,26929.57,2799.98,2729.12,14.6,10.40
"Shirley Daniels","Office Supplies",2012,4,49,286,11171.13,2721.51,1487.64,1.9,24.36
"Deborah Brumfield","Technology",2012,4,51,142,26167.49,2648.56,2781.62,12.3,10.12
"Anthony Jacobs","Office Supplies",2012,4,84,472,20272.24,2637.93,1641.55,17.7,13.01
"Matt Collister","Technology",2012,4,36,160,12373.49,2532.28,1375.78,12.0,20.47
"Kelly Williams","Office Supplies",2012,4,79,466,10159.26,2243.68,1313.64,10.5,22.09
"Shirley Daniels","Technology",2012,4,18,53,12983.43,1946.76,1668.25,0.0,14.99
"Kelly Williams","Furniture",2012,4,39,186,23433.07,1885.72,2424.27,15.6,8.05
"Deborah Brumfield","Office Supplies",2012,4,95,370,14812.05,1719.25,1676.69,15.1,11.61
"Giulietta Dortch","Technology",2012,4,25,115,9214.55,1667.79,720.84,9.0,18.10
"Alejandro Ballentine","Technology",2012,4,34,145,25868.74,1421.31,2363.64,23.5,5.49
"Giulietta Dortch","Office Supplies",2012,4,50,291,6493.16,1308.98,783.07,12.4,20.16
"Giulietta Dortch","Furniture",2012,4,19,76,8239.32,828.70,925.64,19.0,10.06
"Larry Hughes","Technology",2012,4,57,151,15207.91,711.19,2200.97,22.5,4.68
"Larry Hughes","Furniture",2012,4,31,72,7138.29,679.77,726.79,19.4,9.52
"Chuck Magee","Office Supplies",2012,4,204,1419,41062.60,590.74,4469.34,15.2,1.44
"Nora Preis","Office Supplies",2012,4,53,328,18212.75,575.08,1683.98,9.6,3.16
"Nicole Hansen","Technology",2012,4,3,12,1584.06,542.01,139.31,0.0,34.22
"Nicole Hansen","Office Supplies",2012,4,9,24,1003.92,263.61,75.20,0.0,26.26
"Nicole Hansen","Furniture",2012,4,5,7,816.12,132.06,62.22,0.0,16.18
"Matt Collister","Furniture",2012,4,42,223,18125.19,-29.86,1810.66,16.5,-0.16
"Deborah Brumfield","Furniture",2012,4,23,53,8045.20,-917.85,864.65,15.2,-11.41
"Alejandro Ballentine","Office Supplies",2012,4,67,425,11229.57,-1121.99,1284.93,32.1,-9.99
"Larry Hughes","Office Supplies",2012,4,124,441,14657.69,-1879.96,1611.71,22.7,-12.83
"Anna Andreadi","Furniture",2012,4,111,473,45520.24,-1953.73,4038.38,19.9,-4.29
"Alejandro Ballentine","Furniture",2012,4,28,154,20523.38,-3402.87,2246.12,26.7,-16.58
"Anna Andreadi","Technology",2012,3,111,538,78382.25,12977.30,8566.03,12.7,16.56
"Jack Lebron","Office Supplies",2012,3,88,620,24915.51,5643.51,2228.00,9.3,22.65
"Jack Lebron","Technology",2012,3,42,220,33874.68,5501.99,3885.83,7.2,16.24
"Anna Andreadi","Office Supplies",2012,3,241,1440,43744.30,5311.81,4409.26,12.1,12.14
"Anna Andreadi","Furniture",2012,3,118,535,60743.77,4867.82,5553.69,17.4,8.01
"Shirley Daniels","Technology",2012,3,23,108,23104.58,4427.38,2468.64,5.8,19.16
"Chuck Magee","Furniture",2012,3,54,253,20960.40,4121.49,1687.31,9.1,19.66
"Kelly Williams","Technology",2012,3,34,156,16032.78,4001.20,2439.06,7.1,24.96
"Kelly Williams","Office Supplies",2012,3,72,469,13244.98,2722.08,1393.82,14.7,20.55
"Shirley Daniels","Office Supplies",2012,3,45,248,8404.01,2185.48,902.70,7.2,26.01
"Deborah Brumfield","Office Supplies",2012,3,109,391,16445.07,2169.84,1824.61,15.4,13.19
"Larry Hughes","Furniture",2012,3,43,108,18613.65,1985.13,2486.07,11.8,10.66
"Matt Collister","Office Supplies",2012,3,63,352,10120.72,1969.56,910.21,12.2,19.46
"Anthony Jacobs","Office Supplies",2012,3,59,324,12837.55,1802.58,1299.88,12.8,14.04
"Nora Preis","Technology",2012,3,18,80,13332.69,1802.07,1250.32,10.4,13.52
"Anthony Jacobs","Technology",2012,3,20,84,12581.28,1648.26,1271.70,10.9,13.10
"Nora Preis","Office Supplies",2012,3,43,221,7853.95,1558.70,707.99,6.8,19.85
"Shirley Daniels","Furniture",2012,3,11,51,5201.39,1439.48,545.02,1.7,27.67
"Anthony Jacobs","Furniture",2012,3,34,150,25799.94,1376.57,2437.80,14.2,5.34
"Alejandro Ballentine","Technology",2012,3,27,140,20637.49,1272.78,2214.02,22.5,6.17
"Giulietta Dortch","Furniture",2012,3,8,34,3823.43,1170.79,326.74,28.0,30.62
"Jack Lebron","Furniture",2012,3,31,135,15779.51,1168.32,1062.56,21.7,7.40
"Chuck Magee","Technology",2012,3,60,324,33571.94,1147.46,3636.50,15.6,3.42
"Deborah Brumfield","Technology",2012,3,45,100,17862.04,1044.74,1880.54,16.9,5.85
"Matt Collister","Technology",2012,3,18,76,5537.22,1003.10,693.08,13.6,18.12
"Chuck Magee","Office Supplies",2012,3,140,869,29493.13,978.10,3128.23,15.9,3.32
"Deborah Brumfield","Furniture",2012,3,31,83,7981.79,903.74,971.61,17.0,11.32
"Giulietta Dortch","Technology",2012,3,12,59,5235.94,862.10,551.17,8.0,16.47
"Nicole Hansen","Office Supplies",2012,3,12,47,2853.90,820.95,383.56,0.0,28.77
"Nora Preis","Furniture",2012,3,18,58,5810.11,819.48,607.21,6.7,14.10
"Giulietta Dortch","Office Supplies",2012,3,31,171,4053.71,791.09,512.80,10.5,19.52
"Larry Hughes","Office Supplies",2012,3,125,438,18539.25,778.38,1794.47,17.1,4.20
"Larry Hughes","Technology",2012,3,46,125,14144.61,389.91,1584.34,21.6,2.76
"Matt Collister","Furniture",2012,3,29,132,13202.41,288.53,1972.17,13.8,2.19
"Nicole Hansen","Technology",2012,3,3,4,537.75,138.87,48.54,0.0,25.82
"Nicole Hansen","Furniture",2012,3,3,6,663.57,137.64,55.39,0.0,20.74
"Alejandro Ballentine","Furniture",2012,3,27,115,11278.12,44.94,1164.79,25.5,0.40
"Alejandro Ballentine","Office Supplies",2012,3,57,337,16093.87,-784.53,2047.97,31.8,-4.87
"Kelly Williams","Furniture",2012,3,33,149,19615.50,-1540.58,1983.15,15.2,-7.85
"Jack Lebron","Technology",2012,2,35,153,30708.29,8088.07,2275.14,3.9,26.34
"Anna Andreadi","Office Supplies",2012,2,202,1175,40074.96,6251.89,3629.70,13.5,15.60
"Anthony Jacobs","Technology",2012,2,38,162,24154.33,6110.02,3333.11,10.2,25.30
"Anthony Jacobs","Furniture",2012,2,35,147,26646.44,4563.38,3807.92,12.0,17.13
"Chuck Magee","Technology",2012,2,53,200,21040.86,4284.00,2532.78,11.9,20.36
"Nora Preis","Technology",2012,2,21,107,19430.01,4187.97,2948.19,3.4,21.55
"Anna Andreadi","Technology",2012,2,86,376,51869.39,4140.86,5671.84,12.2,7.98
"Larry Hughes","Furniture",2012,2,37,97,14837.90,3049.40,1421.54,21.7,20.55
"Kelly Williams","Office Supplies",2012,2,47,284,9185.35,2769.27,1149.21,15.6,30.15
"Chuck Magee","Office Supplies",2012,2,118,687,21337.38,2622.19,2507.26,13.2,12.29
"Deborah Brumfield","Technology",2012,2,33,109,13590.92,2599.34,1531.06,20.2,19.13
"Anthony Jacobs","Office Supplies",2012,2,82,406,15293.60,2427.84,1679.84,12.5,15.87
"Nora Preis","Furniture",2012,2,19,80,15412.19,2313.62,2387.19,7.0,15.01
"Jack Lebron","Office Supplies",2012,2,98,500,14768.66,2272.68,1691.66,6.2,15.39
"Chuck Magee","Furniture",2012,2,48,193,21913.82,2065.66,2241.15,10.6,9.43
"Shirley Daniels","Technology",2012,2,19,85,10673.40,2025.63,1885.36,8.3,18.98
"Jack Lebron","Furniture",2012,2,49,213,18238.17,2011.28,1892.42,23.9,11.03
"Nora Preis","Office Supplies",2012,2,53,343,10646.97,2002.68,1024.77,6.5,18.81
"Nicole Hansen","Office Supplies",2012,2,18,62,5693.88,1863.75,522.86,0.0,32.73
"Alejandro Ballentine","Technology",2012,2,31,126,17448.05,1729.43,1994.69,22.5,9.91
"Deborah Brumfield","Furniture",2012,2,22,63,10085.86,1572.85,1160.10,16.8,15.59
"Matt Collister","Technology",2012,2,20,88,9223.30,1457.72,1205.62,15.8,15.80
"Matt Collister","Office Supplies",2012,2,39,203,6585.27,1380.66,601.28,9.3,20.97
"Anna Andreadi","Furniture",2012,2,77,337,44965.49,1225.94,4140.65,18.4,2.73
"Nicole Hansen","Technology",2012,2,4,13,2295.93,846.00,257.15,0.0,36.85
"Matt Collister","Furniture",2012,2,18,85,7379.35,662.65,701.76,10.7,8.98
"Kelly Williams","Technology",2012,2,13,54,3959.04,652.79,404.19,12.5,16.49
"Giulietta Dortch","Technology",2012,2,16,99,7051.12,646.38,872.23,21.4,9.17
"Giulietta Dortch","Office Supplies",2012,2,36,178,3933.32,528.30,338.93,11.9,13.43
"Alejandro Ballentine","Office Supplies",2012,2,64,335,10092.98,404.28,980.34,25.8,4.01
"Shirley Daniels","Office Supplies",2012,2,39,209,6714.29,319.18,812.84,9.8,4.75
"Nicole Hansen","Furniture",2012,2,2,2,95.76,14.46,13.49,0.0,15.10
"Shirley Daniels","Furniture",2012,2,11,56,7265.56,-83.55,735.80,19.2,-1.15
"Kelly Williams","Furniture",2012,2,18,85,6017.63,-190.79,440.43,14.3,-3.17
"Alejandro Ballentine","Furniture",2012,2,32,105,12852.97,-266.27,1292.17,23.4,-2.07
"Larry Hughes","Technology",2012,2,35,120,17582.47,-453.89,2285.70,22.9,-2.58
"Giulietta Dortch","Furniture",2012,2,18,71,4923.39,-511.81,554.10,19.1,-10.40
"Larry Hughes","Office Supplies",2012,2,96,386,12538.85,-796.59,1033.02,23.8,-6.35
"Deborah Brumfield","Office Supplies",2012,2,75,320,10753.47,-1434.79,1095.31,22.6,-13.34
"Chuck Magee","Office Supplies",2012,1,77,414,19140.61,5322.96,2001.07,13.5,27.81
"Anna Andreadi","Technology",2012,1,53,266,30443.40,4525.08,3573.17,10.5,14.86
"Jack Lebron","Technology",2012,1,28,116,17377.80,4003.26,1909.59,3.8,23.04
"Anna Andreadi","Office Supplies",2012,1,130,727,28658.19,3998.37,3295.35,11.6,13.95
"Kelly Williams","Office Supplies",2012,1,29,158,7670.99,2757.85,810.20,12.0,35.95
"Matt Collister","Technology",2012,1,12,41,9178.57,2517.17,1100.62,11.7,27.42
"Shirley Daniels","Technology",2012,1,12,56,10842.87,2435.70,819.98,0.0,22.46
"Anthony Jacobs","Technology",2012,1,31,154,16080.03,1897.39,1309.36,16.4,11.80
"Shirley Daniels","Furniture",2012,1,9,59,10694.49,1871.31,670.07,0.0,17.50
"Nora Preis","Furniture",2012,1,11,46,15971.31,1693.65,1289.36,0.0,10.60
"Nora Preis","Technology",2012,1,10,43,8750.34,1652.40,842.14,0.0,18.88
"Matt Collister","Furniture",2012,1,17,83,10510.06,1462.80,681.62,5.3,13.92
"Chuck Magee","Technology",2012,1,31,137,12881.74,1375.83,1011.40,16.1,10.68
"Deborah Brumfield","Office Supplies",2012,1,68,247,8841.05,1181.91,1042.95,15.6,13.37
"Matt Collister","Office Supplies",2012,1,23,123,3040.17,1086.13,257.41,4.0,35.73
"Jack Lebron","Office Supplies",2012,1,56,389,12237.37,1085.19,1427.10,4.3,8.87
"Shirley Daniels","Office Supplies",2012,1,22,148,6723.06,982.20,419.60,0.0,14.61
"Alejandro Ballentine","Office Supplies",2012,1,29,165,9430.65,932.73,1152.13,27.4,9.89
"Nora Preis","Office Supplies",2012,1,14,72,4115.01,854.82,258.71,2.3,20.77
"Alejandro Ballentine","Technology",2012,1,19,81,8457.93,694.52,786.02,22.2,8.21
"Larry Hughes","Furniture",2012,1,22,94,11766.73,660.73,761.20,26.8,5.62
"Deborah Brumfield","Furniture",2012,1,16,30,2781.67,393.19,280.20,18.4,14.14
"Giulietta Dortch","Office Supplies",2012,1,10,51,1288.66,379.64,111.06,5.0,29.46
"Jack Lebron","Furniture",2012,1,23,122,11351.26,350.22,1312.66,31.6,3.09
"Larry Hughes","Office Supplies",2012,1,82,290,9790.54,341.79,1119.04,24.4,3.49
"Nicole Hansen","Office Supplies",2012,1,2,12,526.68,122.46,64.72,0.0,23.25
"Giulietta Dortch","Technology",2012,1,5,30,2049.41,56.05,219.65,12.9,2.73
"Anna Andreadi","Furniture",2012,1,50,222,21059.61,47.87,2571.10,20.6,0.23
"Deborah Brumfield","Technology",2012,1,28,53,7114.15,28.05,1195.34,28.4,0.39
"Nicole Hansen","Furniture",2012,1,1,1,25.23,6.03,0.99,0.0,23.90
"Kelly Williams","Furniture",2012,1,6,31,3360.26,-12.58,327.49,17.5,-0.37
"Larry Hughes","Technology",2012,1,31,73,8596.54,-46.25,724.05,18.6,-0.54
"Alejandro Ballentine","Furniture",2012,1,18,84,9091.65,-86.73,1220.20,22.8,-0.95
"Anthony Jacobs","Office Supplies",2012,1,47,248,7284.93,-114.05,681.81,20.9,-1.57
"Giulietta Dortch","Furniture",2012,1,7,34,1686.82,-120.66,129.99,16.0,-7.15
"Kelly Williams","Technology",2012,1,10,42,2890.50,-146.25,309.54,25.0,-5.06
"Anthony Jacobs","Furniture",2012,1,22,109,13587.53,-868.33,1575.86,26.3,-6.39
"Chuck Magee","Furniture",2012,1,30,157,15198.79,-1739.82,1775.76,17.6,-11.45
"Anna Andreadi","Technology",2011,4,114,529,71812.37,11609.60,8243.01,11.1,16.17
"Kelly Williams","Technology",2011,4,29,129,27879.36,7010.32,2490.71,15.8,25.15
"Shirley Daniels","Technology",2011,4,25,109,22870.46,5912.74,2258.86,8.9,25.85
"Jack Lebron","Furniture",2011,4,49,197,29353.52,5248.93,2926.21,19.3,17.88
"Nora Preis","Technology",2011,4,23,134,26061.48,4790.16,2550.31,6.1,18.38
"Nora Preis","Furniture",2011,4,32,141,19370.79,4373.81,2297.94,3.5,22.58
"Anna Andreadi","Furniture",2011,4,97,435,46907.69,3983.66,4618.81,21.1,8.49
"Chuck Magee","Office Supplies",2011,4,138,855,28222.53,3498.12,3227.66,13.3,12.39
"Kelly Williams","Office Supplies",2011,4,70,393,16641.08,3468.30,1614.39,15.7,20.84
"Anna Andreadi","Office Supplies",2011,4,249,1482,54561.65,3404.35,5925.58,13.9,6.24
"Jack Lebron","Technology",2011,4,39,148,22961.39,3041.32,2493.33,10.2,13.25
"Anthony Jacobs","Office Supplies",2011,4,64,391,13531.13,2863.33,1690.70,14.7,21.16
"Anthony Jacobs","Technology",2011,4,34,133,17906.61,2835.39,1794.20,16.3,15.83
"Nora Preis","Office Supplies",2011,4,42,234,11613.83,2834.77,1045.88,6.1,24.41
"Deborah Brumfield","Technology",2011,4,46,106,14704.38,2631.03,1656.16,15.2,17.89
"Matt Collister","Office Supplies",2011,4,88,526,17545.23,2531.51,2291.97,8.9,14.43
"Shirley Daniels","Furniture",2011,4,26,105,22380.43,2477.11,3648.54,5.8,11.07
"Matt Collister","Technology",2011,4,40,198,15928.12,2003.41,2157.15,13.9,12.58
"Anthony Jacobs","Furniture",2011,4,32,142,25633.31,1953.35,2708.87,15.6,7.62
"Shirley Daniels","Office Supplies",2011,4,52,248,11008.05,1899.72,1057.89,3.9,17.26
"Jack Lebron","Office Supplies",2011,4,94,519,12761.51,1836.56,1350.51,7.1,14.39
"Giulietta Dortch","Furniture",2011,4,23,89,8350.32,1709.10,1010.32,17.1,20.47
"Chuck Magee","Furniture",2011,4,66,343,36354.04,1591.05,3904.86,17.5,4.38
"Chuck Magee","Technology",2011,4,52,232,21555.10,1540.85,2376.53,19.4,7.15
"Larry Hughes","Furniture",2011,4,39,101,12441.68,1358.57,1793.75,16.4,10.92
"Matt Collister","Furniture",2011,4,43,205,19892.72,1109.29,2523.67,13.1,5.58
"Alejandro Ballentine","Technology",2011,4,33,134,14777.21,976.83,1684.57,23.3,6.61
"Giulietta Dortch","Office Supplies",2011,4,48,254,5753.64,861.92,823.92,9.3,14.98
"Larry Hughes","Technology",2011,4,37,126,18767.41,816.64,2401.21,28.7,4.35
"Kelly Williams","Furniture",2011,4,42,212,20891.18,751.35,2447.33,14.8,3.60
"Deborah Brumfield","Furniture",2011,4,29,100,12740.01,697.75,1224.93,15.3,5.48
"Alejandro Ballentine","Office Supplies",2011,4,87,482,19971.03,497.40,2291.72,31.0,2.49
"Alejandro Ballentine","Furniture",2011,4,32,142,15468.43,353.34,1351.77,24.7,2.28
"Giulietta Dortch","Technology",2011,4,25,119,10867.99,237.81,1896.16,18.3,2.19
"Nicole Hansen","Technology",2011,4,5,11,1646.82,183.72,254.48,0.0,11.16
"Deborah Brumfield","Office Supplies",2011,4,100,364,10816.93,160.03,1223.77,17.8,1.48
"Nicole Hansen","Office Supplies",2011,4,6,14,642.87,78.06,50.14,0.0,12.14
"Larry Hughes","Office Supplies",2011,4,91,365,10577.73,-493.88,1160.03,25.4,-4.67
"Anna Andreadi","Office Supplies",2011,3,187,1235,59421.84,11346.12,6062.90,12.6,19.09
"Jack Lebron","Technology",2011,3,37,177,31181.16,6152.17,3080.53,4.1,19.73
"Chuck Magee","Office Supplies",2011,3,102,668,24935.14,4818.20,1867.05,14.1,19.32
"Anna Andreadi","Furniture",2011,3,87,393,44313.08,3977.99,4455.42,15.8,8.98
"Deborah Brumfield","Technology",2011,3,21,73,19483.92,3752.67,2033.58,18.3,19.26
"Shirley Daniels","Furniture",2011,3,16,82,17790.55,3461.05,1360.74,3.8,19.45
"Matt Collister","Office Supplies",2011,3,59,372,17725.30,2897.56,804.08,8.6,16.35
"Anna Andreadi","Technology",2011,3,77,349,54024.72,2622.46,5158.67,12.8,4.85
"Shirley Daniels","Technology",2011,3,15,62,9638.13,2544.27,1151.25,2.6,26.40
"Jack Lebron","Office Supplies",2011,3,86,445,14128.71,2503.99,1369.69,5.7,17.72
"Matt Collister","Technology",2011,3,23,146,12769.29,2279.46,1265.84,14.5,17.85
"Shirley Daniels","Office Supplies",2011,3,36,264,8391.84,1981.20,770.53,5.0,23.61
"Larry Hughes","Office Supplies",2011,3,101,333,11579.86,1890.91,1263.22,12.9,16.33
"Jack Lebron","Furniture",2011,3,28,105,12563.93,1844.40,1182.06,23.0,14.68
"Matt Collister","Furniture",2011,3,30,136,14961.05,1355.68,1548.88,13.5,9.06
"Nora Preis","Technology",2011,3,13,51,7056.86,1341.88,969.90,6.7,19.02
"Kelly Williams","Furniture",2011,3,25,96,11393.73,1324.84,1178.75,12.1,11.63
"Kelly Williams","Technology",2011,3,20,75,6067.68,1199.34,628.25,12.9,19.77
"Nora Preis","Furniture",2011,3,16,86,13252.56,1174.38,1181.44,8.1,8.86
"Anthony Jacobs","Technology",2011,3,25,87,11643.14,1126.82,1215.07,15.9,9.68
"Kelly Williams","Office Supplies",2011,3,66,378,8561.51,1076.37,1223.21,14.4,12.57
"Giulietta Dortch","Office Supplies",2011,3,21,154,5843.23,769.35,715.89,15.5,13.17
"Nicole Hansen","Office Supplies",2011,3,11,32,2137.74,694.89,146.51,0.0,32.51
"Alejandro Ballentine","Technology",2011,3,31,160,18648.15,678.09,1785.61,26.8,3.64
"Anthony Jacobs","Office Supplies",2011,3,53,247,8914.08,644.52,1149.69,14.2,7.23
"Deborah Brumfield","Office Supplies",2011,3,84,396,12587.15,556.64,1543.14,20.1,4.42
"Nora Preis","Office Supplies",2011,3,33,197,3932.02,508.22,451.02,9.5,12.93
"Alejandro Ballentine","Furniture",2011,3,21,87,5006.14,447.60,482.69,24.0,8.94
"Deborah Brumfield","Furniture",2011,3,17,42,7350.78,389.49,973.90,23.3,5.30
"Nicole Hansen","Technology",2011,3,2,3,428.64,99.87,51.99,0.0,23.30
"Alejandro Ballentine","Office Supplies",2011,3,41,251,9793.40,83.61,1043.76,28.8,0.85
"Nicole Hansen","Furniture",2011,3,1,1,18.99,6.81,1.41,0.0,35.86
"Chuck Magee","Furniture",2011,3,46,232,19085.43,-41.42,1996.02,16.2,-0.22
"Giulietta Dortch","Technology",2011,3,5,19,2844.94,-131.88,511.93,6.7,-4.64
"Anthony Jacobs","Furniture",2011,3,23,107,18373.36,-282.60,1684.83,13.6,-1.54
"Chuck Magee","Technology",2011,3,43,173,15974.62,-295.47,2166.50,17.6,-1.85
"Larry Hughes","Technology",2011,3,33,79,8961.11,-505.69,786.59,24.1,-5.64
"Larry Hughes","Furniture",2011,3,41,120,16223.33,-508.93,2115.99,16.3,-3.14
"Giulietta Dortch","Furniture",2011,3,7,38,2167.69,-772.67,179.28,41.4,-35.64
"Anna Andreadi","Office Supplies",2011,2,171,1078,35172.77,5570.83,3685.79,12.8,15.84
"Jack Lebron","Technology",2011,2,30,119,16913.93,3342.95,1954.82,4.4,19.76
"Nora Preis","Technology",2011,2,15,91,15611.69,3289.54,1423.90,9.5,21.07
"Anthony Jacobs","Office Supplies",2011,2,49,254,14208.08,2859.80,1390.96,15.9,20.13
"Anna Andreadi","Furniture",2011,2,64,290,37671.73,2552.83,4508.96,21.7,6.78
"Chuck Magee","Office Supplies",2011,2,91,569,25945.45,2513.24,3618.37,10.5,9.69
"Jack Lebron","Office Supplies",2011,2,64,408,15365.72,2364.75,1313.29,6.5,15.39
"Anthony Jacobs","Technology",2011,2,15,91,11721.71,2159.84,1225.66,12.7,18.43
"Shirley Daniels","Technology",2011,2,10,37,6452.58,2151.24,439.98,0.0,33.34
"Anna Andreadi","Technology",2011,2,56,265,25779.09,2054.21,2930.85,15.4,7.97
"Shirley Daniels","Office Supplies",2011,2,25,155,10300.79,1919.50,1292.23,5.8,18.63
"Chuck Magee","Technology",2011,2,60,245,25382.03,1826.56,2712.91,15.3,7.20
"Matt Collister","Office Supplies",2011,2,38,202,5795.02,1741.17,529.51,10.2,30.05
"Larry Hughes","Furniture",2011,2,31,61,10046.27,1587.29,1276.02,17.3,15.80
"Alejandro Ballentine","Technology",2011,2,17,72,9858.79,1557.00,1135.81,20.9,15.79
"Matt Collister","Technology",2011,2,19,121,10395.85,1459.02,943.05,10.8,14.03
"Nora Preis","Office Supplies",2011,2,31,183,5750.95,1381.76,400.67,8.7,24.03
"Shirley Daniels","Furniture",2011,2,16,87,16324.48,1276.80,2676.99,7.5,7.82
"Anthony Jacobs","Furniture",2011,2,19,99,10603.59,1237.53,1055.24,11.7,11.67
"Kelly Williams","Technology",2011,2,14,59,6381.67,1200.89,1297.99,19.3,18.82
"Kelly Williams","Office Supplies",2011,2,41,289,6867.48,1058.83,623.71,15.6,15.42
"Jack Lebron","Furniture",2011,2,23,84,7621.61,748.86,784.31,26.9,9.83
"Matt Collister","Furniture",2011,2,20,91,7441.57,743.10,680.75,10.7,9.99
"Giulietta Dortch","Office Supplies",2011,2,24,97,4981.13,610.75,526.04,11.3,12.26
"Giulietta Dortch","Technology",2011,2,7,34,3634.77,601.77,282.63,12.2,16.56
"Chuck Magee","Furniture",2011,2,47,190,14460.53,520.93,1568.28,20.0,3.60
"Deborah Brumfield","Office Supplies",2011,2,71,312,9687.01,505.97,1191.38,21.5,5.22
"Deborah Brumfield","Technology",2011,2,32,73,9371.71,329.28,1368.87,26.5,3.51
"Nicole Hansen","Office Supplies",2011,2,8,18,429.18,109.47,62.88,0.0,25.51
"Larry Hughes","Technology",2011,2,32,96,9303.85,98.83,999.33,20.2,1.06
"Nicole Hansen","Technology",2011,2,2,3,750.48,87.00,61.54,0.0,11.59
"Alejandro Ballentine","Office Supplies",2011,2,29,171,7218.72,63.61,707.89,27.4,0.88
"Nicole Hansen","Furniture",2011,2,2,2,46.23,7.56,4.94,0.0,16.35
"Alejandro Ballentine","Furniture",2011,2,24,137,17558.85,-10.58,1836.54,26.2,-0.06
"Nora Preis","Furniture",2011,2,8,29,4632.84,-288.84,408.54,17.5,-6.23
"Giulietta Dortch","Furniture",2011,2,14,53,3571.43,-537.61,348.06,28.0,-15.05
"Kelly Williams","Furniture",2011,2,15,65,7035.25,-576.71,665.05,21.9,-8.20
"Deborah Brumfield","Furniture",2011,2,34,85,5893.45,-1204.75,673.44,31.5,-20.44
"Larry Hughes","Office Supplies",2011,2,77,277,8677.24,-2070.03,778.16,26.2,-23.86
"Anna Andreadi","Office Supplies",2011,1,118,705,21824.58,3536.01,2648.16,12.4,16.20
"Larry Hughes","Technology",2011,1,22,91,14333.37,3043.17,2184.03,5.3,21.23
"Shirley Daniels","Furniture",2011,1,12,63,9619.94,2369.96,1054.03,10.0,24.64
"Anna Andreadi","Furniture",2011,1,39,183,28110.94,2317.31,2645.41,16.6,8.24
"Shirley Daniels","Technology",2011,1,16,59,9043.26,1884.51,1239.07,9.4,20.84
"Jack Lebron","Office Supplies",2011,1,33,194,8512.68,1873.62,826.59,11.3,22.01
"Anna Andreadi","Technology",2011,1,44,168,19513.28,1712.58,2122.07,15.8,8.78
"Deborah Brumfield","Office Supplies",2011,1,61,279,11391.17,1699.79,1652.54,20.8,14.92
"Deborah Brumfield","Furniture",2011,1,15,37,6960.08,1581.26,853.52,17.5,22.72
"Nora Preis","Technology",2011,1,8,30,4966.71,1474.98,627.00,6.3,29.70
"Jack Lebron","Furniture",2011,1,14,54,9162.81,1457.36,1032.23,14.0,15.91
"Matt Collister","Office Supplies",2011,1,30,170,7112.51,1359.19,637.76,8.6,19.11
"Jack Lebron","Technology",2011,1,12,49,5526.63,1323.21,577.90,4.0,23.94
"Chuck Magee","Office Supplies",2011,1,64,347,7570.71,1126.89,928.78,13.4,14.88
"Chuck Magee","Furniture",2011,1,30,126,17168.50,878.23,1641.96,17.9,5.12
"Anthony Jacobs","Furniture",2011,1,15,67,6439.42,865.78,466.27,13.3,13.44
"Anthony Jacobs","Technology",2011,1,16,72,12408.09,854.28,1636.38,14.5,6.88
"Anthony Jacobs","Office Supplies",2011,1,30,177,4989.16,742.80,487.70,12.4,14.89
"Larry Hughes","Office Supplies",2011,1,43,190,8651.67,599.01,907.42,13.6,6.92
"Matt Collister","Technology",2011,1,8,37,2650.43,596.90,260.29,10.0,22.52
"Chuck Magee","Technology",2011,1,27,120,36609.00,543.96,1557.29,17.7,1.49
"Alejandro Ballentine","Office Supplies",2011,1,38,235,7286.67,483.96,656.83,28.9,6.64
"Nora Preis","Office Supplies",2011,1,14,72,1530.24,436.95,130.12,2.5,28.55
"Kelly Williams","Office Supplies",2011,1,20,124,1220.30,400.73,154.51,17.0,32.84
"Nora Preis","Furniture",2011,1,8,28,4754.12,303.35,446.27,2.2,6.38
"Giulietta Dortch","Technology",2011,1,7,28,1903.12,299.74,164.78,7.0,15.75
"Giulietta Dortch","Furniture",2011,1,9,29,2492.87,282.21,299.98,18.2,11.32
"Kelly Williams","Technology",2011,1,6,20,886.66,234.47,104.35,10.0,26.44
"Nicole Hansen","Office Supplies",2011,1,6,16,1183.83,225.60,256.43,0.0,19.06
"Giulietta Dortch","Office Supplies",2011,1,14,68,1494.53,212.65,143.19,9.5,14.23
"Alejandro Ballentine","Furniture",2011,1,13,45,5338.54,211.65,510.50,23.5,3.96
"Nicole Hansen","Furniture",2011,1,2,5,416.91,187.74,98.27,0.0,45.03
"Nicole Hansen","Technology",2011,1,2,5,807.42,126.36,42.29,0.0,15.65
"Deborah Brumfield","Technology",2011,1,20,59,6200.69,-155.15,796.74,26.3,-2.50
"Shirley Daniels","Office Supplies",2011,1,27,108,4092.28,-184.75,694.41,7.6,-4.51
"Matt Collister","Furniture",2011,1,14,40,4005.67,-257.63,388.00,18.3,-6.43
"Larry Hughes","Furniture",2011,1,23,59,6856.69,-536.00,870.85,17.8,-7.82
"Alejandro Ballentine","Technology",2011,1,19,95,12232.79,-926.11,992.02,23.8,-7.57
"Kelly Williams","Furniture",2011,1,8,44,4472.39,-1421.00,349.95,31.0,-31.77
